variant_id,total_payoff,mean_accuracy,mean_stance_accuracy,mean_joint_accuracy,mean_q_pi_entropy,predictive_log_score,delta_total_payoff_vs_affect,delta_mean_accuracy_vs_affect,delta_mean_stance_accuracy_vs_affect,delta_mean_joint_accuracy_vs_affect,delta_mean_q_pi_entropy_vs_affect,delta_predictive_log_score_vs_affect
affect,1884.6,0.392,0.8160000000000001,0.33599999999999997,7.941915292012657,-0.6003758553485884,0.0,0.0,0.0,0.0,0.0,0.0
lesioned,1859.4,0.40099999999999997,0.8550000000000001,0.339,8.798311832870343,-0.6036893424711052,-25.199999999999818,0.008999999999999952,0.039000000000000035,0.003000000000000058,0.8563965408576868,-0.0033134871225167783
no_epistemic,1868.4,0.4,0.8789999999999999,0.35700000000000004,7.809961388453365,-0.6045090945948077,-16.199999999999818,0.008000000000000007,0.06299999999999983,0.021000000000000074,-0.1319539035592916,-0.0041332392462193335
