readout,metric,treatment_variant,reference_variant,treatment_mean,reference_mean,difference,cohen_d,bootstrap_ci_low,bootstrap_ci_high,n_treatment,n_reference
final,total_payoff,affect,no_affect,1322.3333333333333,1225.0,97.25036666666665,,29.833333333333485,164.83333333333326,3,3
final,mean_q_pi_entropy,affect,no_affect,7.47246092641769,8.67743517630103,-1.2087133441439954,,-1.820507441814308,-0.5248873250342457,3,3
final,mean_joint_accuracy,affect,no_affect,0.3194444444444445,0.425,-0.10436111111111109,,-0.39999999999999997,0.175,3,3
betrayal_reallocation,reencounters,affect,no_affect,4.666666666666667,29.0,-23.918466666666667,,-63.333333333333336,2.666666666666667,3,3
betrayal_reallocation,mean_payoff_on_reencounter,affect,no_affect,10.037037037037036,9.730952380952381,0.3158326455026451,,-0.4285714285714288,1.0407407407407394,3,3
betrayal_misdeployment,wrong_type_rate,affect,no_affect,0.6666666666666666,0.5333333333333333,0.12542666666666663,,-0.5333333333333334,0.8,3,3
