variant_id,baseline_variant,total_payoff,mean_q_pi_entropy,beta_range,delta_entropy_vs_tracked,delta_payoff_vs_tracked,n_seeds
affect,lesioned,1868.2833333333333,8.59513355548081,1.337734002314236,-0.2378300341341544,2.1333333333333333,30
global_beta,lesioned,1863.55,8.72267009929032,1.349309129105286,-0.11029349032464583,-2.6,30
lesioned,lesioned,1866.15,8.832963589614966,1.3435777196472911,0.0,0.0,30
no_epistemic,lesioned,1878.0166666666667,8.494838791638657,1.3377262262520264,-0.33812479797631007,11.866666666666667,30
