variant_id,total_payoff,mean_accuracy,mean_stance_accuracy,mean_joint_accuracy,mean_q_pi_entropy,predictive_log_score,delta_total_payoff_vs_affect,delta_mean_accuracy_vs_affect,delta_mean_stance_accuracy_vs_affect,delta_mean_joint_accuracy_vs_affect,delta_mean_q_pi_entropy_vs_affect,delta_predictive_log_score_vs_affect
affect,1868.2833333333333,0.4008333333333333,0.824,0.3331666666666667,8.59513355548081,-0.6263283708657202,0.0,0.0,0.0,0.0,0.0,0.0
global_beta,1863.55,0.36116666666666664,0.822,0.29583333333333334,8.72267009929032,-0.6345630951864103,-4.7333333333333485,-0.03966666666666668,-0.0020000000000000018,-0.037333333333333385,0.1275365438095104,-0.008234724320690057
lesioned,1866.15,0.36033333333333334,0.8364999999999999,0.29483333333333334,8.832963589614966,-0.6404204115123849,-2.133333333333212,-0.04049999999999998,0.012499999999999956,-0.038333333333333386,0.2378300341341557,-0.014092040646664694
no_epistemic,1878.0166666666667,0.39116666666666666,0.8325,0.33366666666666667,8.494838791638657,-0.6263791382371465,9.733333333333348,-0.009666666666666657,0.008500000000000063,0.0004999999999999449,-0.10029476384215386,-5.0767371426285735e-05
