variant_id,baseline_variant,total_payoff,mean_q_pi_entropy,beta_range,delta_entropy_vs_tracked,delta_payoff_vs_tracked,n_seeds
affect,lesioned,1851.3333333333333,8.586051829459711,1.3241170613871382,-0.20513898508650286,-12.833333333333334,3
global_beta,lesioned,1851.3333333333333,8.642151157973183,1.3483245354845323,-0.14903965657302898,-12.833333333333334,3
lesioned,lesioned,1864.1666666666667,8.791190814546212,1.3430338167021476,0.0,0.0,3
no_epistemic,lesioned,1863.3333333333333,8.328586377203427,1.3401999086965288,-0.4626044373427855,-0.8333333333333334,3
