readout,metric,treatment_variant,reference_variant,treatment_mean,reference_mean,difference,cohen_d,bootstrap_ci_low,bootstrap_ci_high,n_treatment,n_reference
final,total_payoff,affect,no_affect,1185.8833333333334,1172.1333333333334,13.75,0.17601680622339036,-21.601666666666574,52.006249999999994,30,30
final,mean_q_pi_entropy,affect,no_affect,8.360413026228095,8.735450198718999,-0.37503717249090407,-0.7922721352743964,-0.6262297518555902,-0.1604975802082215,30,30
final,mean_joint_accuracy,affect,no_affect,0.37222222222222234,0.26638888888888895,0.10583333333333339,0.6390114624915644,0.023868055555555514,0.18750694444444446,30,30
betrayal_reallocation,reencounters,affect,no_affect,12.266666666666667,6.066666666666666,6.200000000000001,0.6390281218459131,1.5658333333333323,11.201666666666666,30,30
betrayal_reallocation,mean_payoff_on_reencounter,affect,no_affect,9.032122646900715,8.914487516020902,0.11763513087981359,0.14169651147537743,-0.2869000194810376,0.5055232231561956,27,28
betrayal_misdeployment,wrong_type_rate,affect,no_affect,0.14938271604938272,0.16517857142857142,-0.015795855379188706,-0.04972080305338923,-0.18590305335097004,0.15240492724867724,27,28
